tool,workload,requests,wall_s,user_s,sys_s,cpu_s,cpu_ms_per_1k,peak_rss_mb,rps
pepe,tiny-c64,200000,2.03,4.85,3.64,8.490,0.04,14.1,124371
oha,tiny-c64,200000,2.04,1.13,3.53,4.660,0.02,85.1,104885
vegeta,tiny-c64,335106,5.42,14.69,13.59,28.280,0.08,25.9,67020
pepe,tiny-c256,200000,1.52,4.64,3.38,8.020,0.04,24.9,131754
oha,tiny-c256,200000,1.73,1.06,3.87,4.930,0.02,81.4,124464
vegeta,tiny-c256,556214,5.01,15.88,12.85,28.730,0.05,40.1,111216
pepe,tiny-c1000,200000,1.60,4.51,3.53,8.040,0.04,115.6,126461
oha,tiny-c1000,200000,2.04,1.07,3.30,4.370,0.02,108.2,104509
vegeta,tiny-c1000,609667,5.01,17.42,13.10,30.520,0.05,87.8,121925
pepe,json-c64,200000,1.57,4.76,3.28,8.040,0.04,14.1,127102
oha,json-c64,200000,1.86,1.15,3.56,4.710,0.02,76.6,115460
vegeta,json-c64,364444,5.02,14.80,13.91,28.710,0.08,27.3,72882
pepe,body16k-c64,50000,0.54,1.36,1.22,2.580,0.05,17.1,93218
oha,body16k-c64,50000,0.77,0.43,1.33,1.760,0.04,49.3,74868
vegeta,body16k-c64,83447,5.01,20.05,12.77,32.820,0.39,28.5,16687
pepe,body256k-c16,5000,0.14,0.16,0.28,0.440,0.09,23.8,35913
oha,body256k-c16,5000,0.26,0.13,0.30,0.430,0.09,61.6,31993
vegeta,body256k-c16,36873,5.01,11.65,13.85,25.500,0.69,80.3,7374
pepe,slow20ms-c1000,50000,1.09,1.19,1.06,2.250,0.04,81.4,46463
oha,slow20ms-c1000,50000,1.22,0.36,0.97,1.330,0.03,87.3,45315
vegeta,slow20ms-c1000,235958,5.03,6.66,8.72,15.380,0.07,87.5,47191
pepe,status503-c64,100000,0.76,2.47,1.82,4.290,0.04,13.9,131350
oha,status503-c64,100000,1.09,0.60,1.81,2.410,0.02,55.0,101593
vegeta,status503-c64,371439,5.01,15.21,14.06,29.270,0.08,27.5,74277
pepe,post-c64,200000,1.63,5.09,3.35,8.440,0.04,13.9,123017
oha,post-c64,200000,1.95,1.12,3.56,4.680,0.02,84.8,109309
